#Release 13.2 - par O.61xd (nt64)
#Copyright (c) 1995-2011 Xilinx, Inc.  All rights reserved.

#Tue Feb 14 11:51:18 2012

#
## NOTE: This file is designed to be imported into a spreadsheet program
# such as Microsoft Excel for viewing, printing and sorting. The |
# character is used as the data field separator. This file is also designed
# to support parsing.
#
#INPUT FILE:       top_avr_core_v8_map.ncd
#OUTPUT FILE:      top_avr_core_v8_pad.csv
#PART TYPE:        xc6slx9
#SPEED GRADE:      -3
#PACKAGE:          tqg144
#
# Pinout by Pin Number:
# 
# -----,-----,-----,-----,-----,-----,-----,-----,-----,-----,-----,-----,-----,-----,-----,
Pin Number,Signal Name,Pin Usage,Pin Name,Direction,IO Standard,IO Bank Number,Drive (mA),Slew Rate,Termination,IOB Delay,Voltage,Constraint,IO Register,Signal Integrity,
P1,,IOBS,IO_L83N_VREF_3,UNUSED,,3,,,,,,,,,
P2,,IOBM,IO_L83P_3,UNUSED,,3,,,,,,,,,
P3,,,GND,,,,,,,,,,,,
P4,,,VCCO_3,,,3,,,,,2.50,,,,
P5,,IOBS,IO_L52N_3,UNUSED,,3,,,,,,,,,
P6,,IOBM,IO_L52P_3,UNUSED,,3,,,,,,,,,
P7,,IOBS,IO_L51N_3,UNUSED,,3,,,,,,,,,
P8,,IOBM,IO_L51P_3,UNUSED,,3,,,,,,,,,
P9,,IOBS,IO_L50N_3,UNUSED,,3,,,,,,,,,
P10,,IOBM,IO_L50P_3,UNUSED,,3,,,,,,,,,
P11,,IOBS,IO_L49N_3,UNUSED,,3,,,,,,,,,
P12,,IOBM,IO_L49P_3,UNUSED,,3,,,,,,,,,
P13,,,GND,,,,,,,,,,,,
P14,porta<1>,IOB,IO_L44N_GCLK20_3,BIDIR,LVCMOS25*,3,12,,,NONE,,UNLOCATED,NO,NONE,
P15,,IOBM,IO_L44P_GCLK21_3,UNUSED,,3,,,,,,,,,
P16,,IOBS,IO_L43N_GCLK22_IRDY2_3,UNUSED,,3,,,,,,,,,
P17,,IOBM,IO_L43P_GCLK23_3,UNUSED,,3,,,,,,,,,
P18,,,VCCO_3,,,3,,,,,2.50,,,,
P19,,,VCCINT,,,,,,,,1.2,,,,
P20,,,VCCAUX,,,,,,,,2.5,,,,
P21,,IOBS,IO_L42N_GCLK24_3,UNUSED,,3,,,,,,,,,
P22,,IOBM,IO_L42P_GCLK25_TRDY2_3,UNUSED,,3,,,,,,,,,
P23,,IOBS,IO_L41N_GCLK26_3,UNUSED,,3,,,,,,,,,
P24,,IOBM,IO_L41P_GCLK27_3,UNUSED,,3,,,,,,,,,
P25,,,GND,,,,,,,,,,,,
P26,porta<0>,IOB,IO_L37N_3,BIDIR,LVCMOS25*,3,12,,,NONE,,UNLOCATED,NO,NONE,
P27,,IOBM,IO_L37P_3,UNUSED,,3,,,,,,,,,
P28,,,VCCINT,,,,,,,,1.2,,,,
P29,,IOBS,IO_L36N_3,UNUSED,,3,,,,,,,,,
P30,,IOBM,IO_L36P_3,UNUSED,,3,,,,,,,,,
P31,,,VCCO_3,,,3,,,,,2.50,,,,
P32,,IOBS,IO_L2N_3,UNUSED,,3,,,,,,,,,
P33,,IOBM,IO_L2P_3,UNUSED,,3,,,,,,,,,
P34,,IOBS,IO_L1N_VREF_3,UNUSED,,3,,,,,,,,,
P35,,IOBM,IO_L1P_3,UNUSED,,3,,,,,,,,,
P36,,,VCCAUX,,,,,,,,2.5,,,,
P37,,,PROGRAM_B_2,,,,,,,,,,,,
P38,,IOBS,IO_L65N_CSO_B_2,UNUSED,,2,,,,,,,,,
P39,,IOBM,IO_L65P_INIT_B_2,UNUSED,,2,,,,,,,,,
P40,,IOBS,IO_L64N_D9_2,UNUSED,,2,,,,,,,,,
P41,,IOBM,IO_L64P_D8_2,UNUSED,,2,,,,,,,,,
P42,,,VCCO_2,,,2,,,,,3.30,,,,
P43,,IOBS,IO_L62N_D6_2,UNUSED,,2,,,,,,,,,
P44,,IOBM,IO_L62P_D5_2,UNUSED,,2,,,,,,,,,
P45,,IOBS,IO_L49N_D4_2,UNUSED,,2,,,,,,,,,
P46,,IOBM,IO_L49P_D3_2,UNUSED,,2,,,,,,,,,
P47,,IOBS,IO_L48N_RDWR_B_VREF_2,UNUSED,,2,,,,,,,,,
P48,,IOBM,IO_L48P_D7_2,UNUSED,,2,,,,,,,,,
P49,,,GND,,,,,,,,,,,,
P50,,IOBS,IO_L31N_GCLK30_D15_2,UNUSED,,2,,,,,,,,,
P51,,IOBM,IO_L31P_GCLK31_D14_2,UNUSED,,2,,,,,,,,,
P52,,,VCCINT,,,,,,,,1.2,,,,
P53,,,VCCAUX,,,,,,,,2.5,,,,
P54,,,GND,,,,,,,,,,,,
P55,,IOBS,IO_L30N_GCLK0_USERCCLK_2,UNUSED,,2,,,,,,,,,
P56,portf<7>,IOB,IO_L30P_GCLK1_D13_2,BIDIR,LVCMOS33,2,8,,,NONE,,LOCATED,NO,NONE,
P57,portf<6>,IOB,IO_L14N_D12_2,BIDIR,LVCMOS33,2,8,,,NONE,,LOCATED,NO,NONE,
P58,portf<5>,IOB,IO_L14P_D11_2,BIDIR,LVCMOS33,2,8,,,NONE,,LOCATED,NO,NONE,
P59,portf<4>,IOB,IO_L13N_D10_2,BIDIR,LVCMOS33,2,8,,,NONE,,LOCATED,NO,NONE,
P60,,IOBM,IO_L13P_M1_2,UNUSED,,2,,,,,,PROHIBITED,,,
P61,portf<3>,IOB,IO_L12N_D2_MISO3_2,BIDIR,LVCMOS33,2,8,,,NONE,,LOCATED,NO,NONE,
P62,portf<2>,IOB,IO_L12P_D1_MISO2_2,BIDIR,LVCMOS33,2,8,,,NONE,,LOCATED,NO,NONE,
P63,,,VCCO_2,,,2,,,,,3.30,,,,
P64,,IOBS,IO_L3N_MOSI_CSI_B_MISO0_2,UNUSED,,2,,,,,,,,,
P65,,IOBM,IO_L3P_D0_DIN_MISO_MISO1_2,UNUSED,,2,,,,,,,,,
P66,portf<1>,IOB,IO_L2N_CMPMOSI_2,BIDIR,LVCMOS33,2,8,,,NONE,,LOCATED,NO,NONE,
P67,portf<0>,IOB,IO_L2P_CMPCLK_2,BIDIR,LVCMOS33,2,8,,,NONE,,LOCATED,NO,NONE,
P68,,,GND,,,,,,,,,,,,
P69,,IOBS,IO_L1N_M0_CMPMISO_2,UNUSED,,2,,,,,,PROHIBITED,,,
P70,,IOBM,IO_L1P_CCLK_2,UNUSED,,2,,,,,,,,,
P71,,,DONE_2,,,,,,,,,,,,
P72,,,CMPCS_B_2,,,,,,,,,,,,
P73,,,SUSPEND,,,,,,,,,,,,
P74,porte<7>,IOB,IO_L74N_DOUT_BUSY_1,BIDIR,LVCMOS33,1,8,,,NONE,,LOCATED,NO,NONE,
P75,porte<6>,IOB,IO_L74P_AWAKE_1,BIDIR,LVCMOS33,1,8,,,NONE,,LOCATED,NO,NONE,
P76,,,VCCO_1,,,1,,,,,3.30,,,,
P77,,,GND,,,,,,,,,,,,
P78,porte<5>,IOB,IO_L47N_1,BIDIR,LVCMOS33,1,8,,,NONE,,LOCATED,NO,NONE,
P79,porte<4>,IOB,IO_L47P_1,BIDIR,LVCMOS33,1,8,,,NONE,,LOCATED,NO,NONE,
P80,porte<3>,IOB,IO_L46N_1,BIDIR,LVCMOS33,1,8,,,NONE,,LOCATED,NO,NONE,
P81,porte<2>,IOB,IO_L46P_1,BIDIR,LVCMOS33,1,8,,,NONE,,LOCATED,NO,NONE,
P82,porte<1>,IOB,IO_L45N_1,BIDIR,LVCMOS33,1,8,,,NONE,,LOCATED,NO,NONE,
P83,porte<0>,IOB,IO_L45P_1,BIDIR,LVCMOS33,1,8,,,NONE,,LOCATED,NO,NONE,
P84,portd<7>,IOB,IO_L43N_GCLK4_1,BIDIR,LVCMOS33,1,8,,,NONE,,LOCATED,NO,NONE,
P85,portd<6>,IOB,IO_L43P_GCLK5_1,BIDIR,LVCMOS33,1,8,,,NONE,,LOCATED,NO,NONE,
P86,,,VCCO_1,,,1,,,,,3.30,,,,
P87,portd<5>,IOB,IO_L42N_GCLK6_TRDY1_1,BIDIR,LVCMOS33,1,8,,,NONE,,LOCATED,NO,NONE,
P88,portd<4>,IOB,IO_L42P_GCLK7_1,BIDIR,LVCMOS33,1,8,,,NONE,,LOCATED,NO,NONE,
P89,,,VCCINT,,,,,,,,1.2,,,,
P90,,,VCCAUX,,,,,,,,2.5,,,,
P91,,,GND,,,,,,,,,,,,
P92,portd<3>,IOB,IO_L41N_GCLK8_1,BIDIR,LVCMOS33,1,8,,,NONE,,LOCATED,NO,NONE,
P93,portd<2>,IOB,IO_L41P_GCLK9_IRDY1_1,BIDIR,LVCMOS33,1,8,,,NONE,,LOCATED,NO,NONE,
P94,clk,IOB,IO_L40N_GCLK10_1,INPUT,LVCMOS25*,1,,,,NONE,,LOCATED,NO,NONE,
P95,portd<1>,IOB,IO_L40P_GCLK11_1,BIDIR,LVCMOS33,1,8,,,NONE,,LOCATED,NO,NONE,
P96,,,GND,,,,,,,,,,,,
P97,portd<0>,IOB,IO_L34N_1,BIDIR,LVCMOS33,1,8,,,NONE,,LOCATED,NO,NONE,
P98,portc<7>,IOB,IO_L34P_1,BIDIR,LVCMOS33,1,8,,,NONE,,LOCATED,NO,NONE,
P99,portc<6>,IOB,IO_L33N_1,BIDIR,LVCMOS33,1,8,,,NONE,,LOCATED,NO,NONE,
P100,portc<5>,IOB,IO_L33P_1,BIDIR,LVCMOS33,1,8,,,NONE,,LOCATED,NO,NONE,
P101,portc<4>,IOB,IO_L32N_1,BIDIR,LVCMOS33,1,8,,,NONE,,LOCATED,NO,NONE,
P102,portc<3>,IOB,IO_L32P_1,BIDIR,LVCMOS33,1,8,,,NONE,,LOCATED,NO,NONE,
P103,,,VCCO_1,,,1,,,,,3.30,,,,
P104,,IOBS,IO_L1N_VREF_1,UNUSED,,1,,,,,,,,,
P105,portc<2>,IOB,IO_L1P_1,BIDIR,LVCMOS33,1,8,,,NONE,,LOCATED,NO,NONE,
P106,,,TDO,,,,,,,,,,,,
P107,,,TMS,,,,,,,,,,,,
P108,,,GND,,,,,,,,,,,,
P109,,,TCK,,,,,,,,,,,,
P110,,,TDI,,,,,,,,,,,,
P111,portc<1>,IOB,IO_L66N_SCP0_0,BIDIR,LVCMOS33,0,8,,,NONE,,LOCATED,NO,NONE,
P112,portc<0>,IOB,IO_L66P_SCP1_0,BIDIR,LVCMOS33,0,8,,,NONE,,LOCATED,NO,NONE,
P113,,,GND,,,,,,,,,,,,
P114,portb<7>,IOB,IO_L65N_SCP2_0,BIDIR,LVCMOS33,0,8,,,NONE,,LOCATED,NO,NONE,
P115,portb<6>,IOB,IO_L65P_SCP3_0,BIDIR,LVCMOS33,0,8,,,NONE,,LOCATED,NO,NONE,
P116,rxd,IOB,IO_L64N_SCP4_0,INPUT,LVCMOS33,0,,,,NONE,,LOCATED,NO,NONE,
P117,txd,IOB,IO_L64P_SCP5_0,OUTPUT,LVCMOS33,0,4,,,,,LOCATED,NO,NONE,
P118,porta<2>,IOB,IO_L63N_SCP6_0,BIDIR,LVCMOS33,0,8,,,NONE,,LOCATED,NO,NONE,
P119,porta<3>,IOB,IO_L63P_SCP7_0,BIDIR,LVCMOS33,0,8,,,NONE,,LOCATED,NO,NONE,
P120,porta<4>,IOB,IO_L62N_VREF_0,BIDIR,LVCMOS33,0,8,,,NONE,,LOCATED,NO,NONE,
P121,porta<5>,IOB,IO_L62P_0,BIDIR,LVCMOS33,0,8,,,NONE,,LOCATED,NO,NONE,
P122,,,VCCO_0,,,0,,,,,3.30,,,,
P123,porta<6>,IOB,IO_L37N_GCLK12_0,BIDIR,LVCMOS33,0,8,,,NONE,,LOCATED,NO,NONE,
P124,porta<7>,IOB,IO_L37P_GCLK13_0,BIDIR,LVCMOS33,0,8,,,NONE,,LOCATED,NO,NONE,
P125,,,VCCO_0,,,0,,,,,3.30,,,,
P126,portb<0>,IOB,IO_L36N_GCLK14_0,BIDIR,LVCMOS33,0,8,,,NONE,,LOCATED,NO,NONE,
P127,portb<1>,IOB,IO_L36P_GCLK15_0,BIDIR,LVCMOS33,0,8,,,NONE,,LOCATED,NO,NONE,
P128,,,VCCINT,,,,,,,,1.2,,,,
P129,,,VCCAUX,,,,,,,,2.5,,,,
P130,,,GND,,,,,,,,,,,,
P131,portb<2>,IOB,IO_L35N_GCLK16_0,BIDIR,LVCMOS33,0,8,,,NONE,,LOCATED,NO,NONE,
P132,portb<3>,IOB,IO_L35P_GCLK17_0,BIDIR,LVCMOS33,0,8,,,NONE,,LOCATED,NO,NONE,
P133,portb<4>,IOB,IO_L34N_GCLK18_0,BIDIR,LVCMOS33,0,8,,,NONE,,LOCATED,NO,NONE,
P134,portb<5>,IOB,IO_L34P_GCLK19_0,BIDIR,LVCMOS33,0,8,,,NONE,,LOCATED,NO,NONE,
P135,,,VCCO_0,,,0,,,,,3.30,,,,
P136,,,GND,,,,,,,,,,,,
P137,,IOBS,IO_L4N_0,UNUSED,,0,,,,,,,,,
P138,,IOBM,IO_L4P_0,UNUSED,,0,,,,,,,,,
P139,,IOBS,IO_L3N_0,UNUSED,,0,,,,,,,,,
P140,,IOBM,IO_L3P_0,UNUSED,,0,,,,,,,,,
P141,,IOBS,IO_L2N_0,UNUSED,,0,,,,,,,,,
P142,,IOBM,IO_L2P_0,UNUSED,,0,,,,,,,,,
P143,,IOBS,IO_L1N_VREF_0,UNUSED,,0,,,,,,,,,
P144,,IOBM,IO_L1P_HSWAPEN_0,UNUSED,,0,,,,,,PROHIBITED,,,

# -----,-----,-----,-----,-----,-----,-----,-----,-----,-----,-----,-----,-----,-----,-----,
# 
#* Default value.
#** This default Pullup/Pulldown value can be overridden in Bitgen. 
#****** Special VCCO requirements may apply. Please consult the device 
#       family datasheet for specific guideline on VCCO requirements. 
#
#
#